<?xml version="1.0" encoding="UTF-8"?><rss version="2.0"
	xmlns:content="http://purl.org/rss/1.0/modules/content/"
	xmlns:wfw="http://wellformedweb.org/CommentAPI/"
	xmlns:dc="http://purl.org/dc/elements/1.1/"
	xmlns:atom="http://www.w3.org/2005/Atom"
	xmlns:sy="http://purl.org/rss/1.0/modules/syndication/"
	xmlns:slash="http://purl.org/rss/1.0/modules/slash/"
	>

<channel>
	<title>clothes Archivi - GALANTUOMO</title>
	<atom:link href="./index.html" rel="self" type="application/rss+xml" />
	<link></link>
	<description>Style, not fashon</description>
	<lastBuildDate>Fri, 03 Mar 2023 15:13:09 +0000</lastBuildDate>
	<language>it-IT</language>
	<sy:updatePeriod>
	hourly	</sy:updatePeriod>
	<sy:updateFrequency>
	1	</sy:updateFrequency>
	<generator>https://wordpress.org/?v=6.1.1</generator>

<image>
	<url>./../../../wp-content/uploads/2017/07/cropped-belinni-favicon-80x80.png</url>
	<title>clothes Archivi - GALANTUOMO</title>
	<link></link>
	<width>32</width>
	<height>32</height>
</image> 
	<item>
		<title>Cravatta</title>
		<link>./../../../product/flowers/index.html?utm_source=rss#038;utm_medium=rss&#038;utm_campaign=flowers</link>
		
		<dc:creator><![CDATA[Mike]]></dc:creator>
		<pubDate>Wed, 24 May 2017 09:41:39 +0000</pubDate>
				<guid isPermaLink="false">http://belinni.pixel-show.com/?post_type=product&#038;p=408</guid>

					<description><![CDATA[<p><strong>Potenti at sem</strong> sollicitudin nullam nulla eu, in in in pellentesque. Ut sapien convallis velit, hic libero pede. Sed egestas vel, velit in ac sit nam sit tellus. Ante sed sollicitudin fringilla mi vivamus, lorem ligula quam. Varius non aliquet justo massa vehicula, placerat tellus aenean eget et venenatis urna, fringilla dictum integer, donec metus laboris per nec vestibulum curabitur. Cras eleifend ipsum, nullam felis mattis orci viverra orci, elit enim ornare non vitae tortor duis, nulla vitae a est quam lacus. Mi maecenas sollicitudin nulla vestibulum et wisi, ac semper nibh at. Rerum interdum amet nam in, sed dui, varius tortor sed mi maecenas commodo, fringilla phasellus amet diam elementum, erat eu lacus. <strong>Augue scelerisque</strong>, erat curae varius sapien eget. Duis aliquet.</p>
<p>L'articolo <a rel="nofollow" href="./../../../product/flowers/index.html">Cravatta</a> proviene da <a rel="nofollow" href="./../../../index.html">GALANTUOMO</a>.</p>
]]></description>
										<content:encoded><![CDATA[<p>Potenti at sem sollicitudin nullam nulla eu, in in in pellentesque. Ut sapien convallis velit, hic libero pede. Sed egestas vel, velit in ac sit nam sit tellus. Ante sed sollicitudin fringilla mi vivamus, lorem ligula quam. Varius non aliquet justo massa vehicula, placerat tellus aenean eget et venenatis urna, fringilla dictum integer, donec metus laboris per nec vestibulum curabitur. Cras eleifend ipsum, nullam felis mattis orci viverra orci, elit enim ornare non vitae tortor duis, nulla vitae a est quam lacus. Mi maecenas sollicitudin nulla vestibulum et wisi, ac semper nibh at. Rerum interdum amet nam in, sed dui, varius tortor sed mi maecenas commodo, fringilla phasellus amet diam elementum, erat eu lacus. Augue scelerisque, erat curae varius sapien eget. Duis aliquet.</p>
<p>L'articolo <a rel="nofollow" href="./../../../product/flowers/index.html">Cravatta</a> proviene da <a rel="nofollow" href="./../../../index.html">GALANTUOMO</a>.</p>
]]></content:encoded>
					
		
		
			</item>
		<item>
		<title>Cappotto Doppiopetto</title>
		<link>./../../../product/stylish-%d1%81actus/index.html?utm_source=rss#038;utm_medium=rss&#038;utm_campaign=stylish-%25d1%2581actus</link>
					<comments>./../../../product/stylish-%d1%81actus/index.html#comments</comments>
		
		<dc:creator><![CDATA[Mike]]></dc:creator>
		<pubDate>Wed, 24 May 2017 09:40:10 +0000</pubDate>
				<guid isPermaLink="false">http://belinni.pixel-show.com/?post_type=product&#038;p=406</guid>

					<description><![CDATA[<p><strong>Potenti at sem</strong> sollicitudin nullam nulla eu, in in in pellentesque. Ut sapien convallis velit, hic libero pede. Sed egestas vel, velit in ac sit nam sit tellus. Ante sed sollicitudin fringilla mi vivamus, lorem ligula quam. Varius non aliquet justo massa vehicula, placerat tellus aenean eget et venenatis urna, fringilla dictum integer, donec metus laboris per nec vestibulum curabitur. Cras eleifend ipsum, nullam felis mattis orci viverra orci, elit enim ornare non vitae tortor duis, nulla vitae a est quam lacus. Mi maecenas sollicitudin nulla vestibulum et wisi, ac semper nibh at. Rerum interdum amet nam in, sed dui, varius tortor sed mi maecenas commodo, fringilla phasellus amet diam elementum, erat eu lacus. <strong>Augue scelerisque</strong>, erat curae varius sapien eget. Duis aliquet.</p>
<p>L'articolo <a rel="nofollow" href="./../../../product/stylish-%d1%81actus/index.html">Cappotto Doppiopetto</a> proviene da <a rel="nofollow" href="./../../../index.html">GALANTUOMO</a>.</p>
]]></description>
										<content:encoded><![CDATA[<p>Potenti at sem sollicitudin nullam nulla eu, in in in pellentesque. Ut sapien convallis velit, hic libero pede. Sed egestas vel, velit in ac sit nam sit tellus. Ante sed sollicitudin fringilla mi vivamus, lorem ligula quam. Varius non aliquet justo massa vehicula, placerat tellus aenean eget et venenatis urna, fringilla dictum integer, donec metus laboris per nec vestibulum curabitur. Cras eleifend ipsum, nullam felis mattis orci viverra orci, elit enim ornare non vitae tortor duis, nulla vitae a est quam lacus. Mi maecenas sollicitudin nulla vestibulum et wisi, ac semper nibh at. Rerum interdum amet nam in, sed dui, varius tortor sed mi maecenas commodo, fringilla phasellus amet diam elementum, erat eu lacus. Augue scelerisque, erat curae varius sapien eget. Duis aliquet.</p>
<p>L'articolo <a rel="nofollow" href="./../../../product/stylish-%d1%81actus/index.html">Cappotto Doppiopetto</a> proviene da <a rel="nofollow" href="./../../../index.html">GALANTUOMO</a>.</p>
]]></content:encoded>
					
					<wfw:commentRss>./../../../product/stylish-%d1%81actus/feed/index.html</wfw:commentRss>
			<slash:comments>1</slash:comments>
		
		
			</item>
		<item>
		<title>Camicia</title>
		<link>./../../../product/delicious-berries/index.html?utm_source=rss#038;utm_medium=rss&#038;utm_campaign=delicious-berries</link>
					<comments>./../../../product/delicious-berries/index.html#comments</comments>
		
		<dc:creator><![CDATA[Mike]]></dc:creator>
		<pubDate>Wed, 24 May 2017 09:37:22 +0000</pubDate>
				<guid isPermaLink="false">http://belinni.pixel-show.com/?post_type=product&#038;p=405</guid>

					<description><![CDATA[<p><strong>Potenti at sem</strong> sollicitudin nullam nulla eu, in in in pellentesque. Ut sapien convallis velit, hic libero pede. Sed egestas vel, velit in ac sit nam sit tellus. Ante sed sollicitudin fringilla mi vivamus, lorem ligula quam. Varius non aliquet justo massa vehicula, placerat tellus aenean eget et venenatis urna, fringilla dictum integer, donec metus laboris per nec vestibulum curabitur. Cras eleifend ipsum, nullam felis mattis orci viverra orci, elit enim ornare non vitae tortor duis, nulla vitae a est quam lacus. Mi maecenas sollicitudin nulla vestibulum et wisi, ac semper nibh at. Rerum interdum amet nam in, sed dui, varius tortor sed mi maecenas commodo, fringilla phasellus amet diam elementum, erat eu lacus. <strong>Augue scelerisque</strong>, erat curae varius sapien eget. Duis aliquet.</p>
<p>L'articolo <a rel="nofollow" href="./../../../product/delicious-berries/index.html">Camicia</a> proviene da <a rel="nofollow" href="./../../../index.html">GALANTUOMO</a>.</p>
]]></description>
										<content:encoded><![CDATA[<p>Potenti at sem sollicitudin nullam nulla eu, in in in pellentesque. Ut sapien convallis velit, hic libero pede. Sed egestas vel, velit in ac sit nam sit tellus. Ante sed sollicitudin fringilla mi vivamus, lorem ligula quam. Varius non aliquet justo massa vehicula, placerat tellus aenean eget et venenatis urna, fringilla dictum integer, donec metus laboris per nec vestibulum curabitur. Cras eleifend ipsum, nullam felis mattis orci viverra orci, elit enim ornare non vitae tortor duis, nulla vitae a est quam lacus. Mi maecenas sollicitudin nulla vestibulum et wisi, ac semper nibh at. Rerum interdum amet nam in, sed dui, varius tortor sed mi maecenas commodo, fringilla phasellus amet diam elementum, erat eu lacus. Augue scelerisque, erat curae varius sapien eget. Duis aliquet.</p>
<p>L'articolo <a rel="nofollow" href="./../../../product/delicious-berries/index.html">Camicia</a> proviene da <a rel="nofollow" href="./../../../index.html">GALANTUOMO</a>.</p>
]]></content:encoded>
					
					<wfw:commentRss>./../../../product/delicious-berries/feed/index.html</wfw:commentRss>
			<slash:comments>1</slash:comments>
		
		
			</item>
		<item>
		<title>Oxford Shoes</title>
		<link>./../../../product/pink-hoody/index.html?utm_source=rss#038;utm_medium=rss&#038;utm_campaign=pink-hoody</link>
					<comments>./../../../product/pink-hoody/index.html#comments</comments>
		
		<dc:creator><![CDATA[Mike]]></dc:creator>
		<pubDate>Wed, 24 May 2017 11:34:23 +0000</pubDate>
				<guid isPermaLink="false">http://belinni.pixel-show.com/?post_type=product&#038;p=403</guid>

					<description><![CDATA[<p><strong>Potenti at sem</strong> sollicitudin nullam nulla eu, in in in pellentesque. Ut sapien convallis velit, hic libero pede. Sed egestas vel, velit in ac sit nam sit tellus. Ante sed sollicitudin fringilla mi vivamus, lorem ligula quam. Varius non aliquet justo massa vehicula, placerat tellus aenean eget et venenatis urna, fringilla dictum integer, donec metus laboris per nec vestibulum curabitur. Cras eleifend ipsum, nullam felis mattis orci viverra orci, elit enim ornare non vitae tortor duis, nulla vitae a est quam lacus. Mi maecenas sollicitudin nulla vestibulum et wisi, ac semper nibh at. Rerum interdum amet nam in, sed dui, varius tortor sed mi maecenas commodo, fringilla phasellus amet diam elementum, erat eu lacus. <strong>Augue scelerisque</strong>, erat curae varius sapien eget. Duis aliquet.</p>
<p>L'articolo <a rel="nofollow" href="./../../../product/pink-hoody/index.html">Oxford Shoes</a> proviene da <a rel="nofollow" href="./../../../index.html">GALANTUOMO</a>.</p>
]]></description>
										<content:encoded><![CDATA[<p>Potenti at sem sollicitudin nullam nulla eu, in in in pellentesque. Ut sapien convallis velit, hic libero pede. Sed egestas vel, velit in ac sit nam sit tellus. Ante sed sollicitudin fringilla mi vivamus, lorem ligula quam. Varius non aliquet justo massa vehicula, placerat tellus aenean eget et venenatis urna, fringilla dictum integer, donec metus laboris per nec vestibulum curabitur. Cras eleifend ipsum, nullam felis mattis orci viverra orci, elit enim ornare non vitae tortor duis, nulla vitae a est quam lacus. Mi maecenas sollicitudin nulla vestibulum et wisi, ac semper nibh at. Rerum interdum amet nam in, sed dui, varius tortor sed mi maecenas commodo, fringilla phasellus amet diam elementum, erat eu lacus. Augue scelerisque, erat curae varius sapien eget. Duis aliquet.</p>
<p>L'articolo <a rel="nofollow" href="./../../../product/pink-hoody/index.html">Oxford Shoes</a> proviene da <a rel="nofollow" href="./../../../index.html">GALANTUOMO</a>.</p>
]]></content:encoded>
					
					<wfw:commentRss>./../../../product/pink-hoody/feed/index.html</wfw:commentRss>
			<slash:comments>2</slash:comments>
		
		
			</item>
	</channel>
</rss>
