<?xml version="1.0" encoding="UTF-8"?><rss version="2.0"
	xmlns:content="http://purl.org/rss/1.0/modules/content/"
	xmlns:dc="http://purl.org/dc/elements/1.1/"
	xmlns:atom="http://www.w3.org/2005/Atom"
	xmlns:sy="http://purl.org/rss/1.0/modules/syndication/"
	
	>
<channel>
	<title>
	Commenti a: Cappotto Doppiopetto	</title>
	<atom:link href="./../../stylish-%D1%81actus/feed/index.html" rel="self" type="application/rss+xml" />
	<link>./../index.html?utm_source=rss#038;utm_medium=rss&#038;utm_campaign=stylish-%25d1%2581actus</link>
	<description>Style, not fashon</description>
	<lastBuildDate>Fri, 03 Mar 2023 15:07:08 +0000</lastBuildDate>
	<sy:updatePeriod>
	hourly	</sy:updatePeriod>
	<sy:updateFrequency>
	1	</sy:updateFrequency>
	<generator>https://wordpress.org/?v=6.1.1</generator>
	<item>
		<title>
		Di: Olivia		</title>
		<link>./../index.html#comment-31</link>

		<dc:creator><![CDATA[Olivia]]></dc:creator>
		<pubDate>Wed, 24 May 2017 12:57:31 +0000</pubDate>
		<guid isPermaLink="false">http://belinni.pixel-show.com/?post_type=product&#038;p=406#comment-31</guid>

					<description><![CDATA[This comment is very important.]]></description>
			<content:encoded><![CDATA[<p>This comment is very important.</p>
]]></content:encoded>
		
			</item>
	</channel>
</rss>
